id,file,Component,Smell,Details,"Em uma escala de 1 a 5, como você avalia a relevância desse smell?
1 = smell não é importante e, provavelmente, não será refatorado
5 = smell é muito importante e, provavelmente, será refatorado em breve.",Observação
1,/home/danielvitor/Documentos/Faculdade/PI_3/code/marmitaria/mobile/node_modules/@expo/vector-icons/build/vendor/react-native-vector-icons/lib/create-icon-set.js,Icon,Large Component,LOC: 48; Number of props: 17; Number of attributes: 2; Number of methods: 9,,
2,/home/danielvitor/Documentos/Faculdade/PI_3/code/marmitaria/mobile/node_modules/@expo/vector-icons/build/vendor/react-native-vector-icons/lib/create-icon-set.js,Icon,Too many props,"Number of props: 17; Props: windows,android,web,default,size,allowFontScaling,name,color,style,children,fontSize,fontFamily,fontWeight,fontStyle,ref,uri,scale",,
3,/home/danielvitor/Documentos/Faculdade/PI_3/code/marmitaria/mobile/node_modules/@react-navigation/bottom-tabs/lib/commonjs/navigators/createBottomTabNavigator.js,BottomTabNavigator,Large Component,LOC: 69; Number of props: 26; Number of attributes: 0; Number of methods: 0,,
4,/home/danielvitor/Documentos/Faculdade/PI_3/code/marmitaria/mobile/node_modules/@react-navigation/bottom-tabs/lib/commonjs/navigators/createBottomTabNavigator.js,BottomTabNavigator,Too many props,"Number of props: 26; Props: id,initialRouteName,backBehavior,children,screenListeners,screenOptions,sceneContainerStyle,lazy,tabBarOptions,tabBarHideOnKeyboard,tabBarActiveTintColor,tabBarInactiveTintColor,tabBarActiveBackgroundColor,tabBarInactiveBackgroundColor,tabBarAllowFontScaling,tabBarShowLabel,tabBarLabelStyle,tabBarIconStyle,tabBarItemStyle,tabBarLabelPosition,tabBarStyle,state,descriptors,navigation,NavigationContent,defaultScreenOptions",,
5,/home/danielvitor/Documentos/Faculdade/PI_3/code/marmitaria/mobile/node_modules/@react-navigation/bottom-tabs/lib/commonjs/views/BottomTabView.js,BottomTabView,Large Component,LOC: 109; Number of props: 26; Number of attributes: 0; Number of methods: 1,,
6,/home/danielvitor/Documentos/Faculdade/PI_3/code/marmitaria/mobile/node_modules/@react-navigation/bottom-tabs/lib/commonjs/views/BottomTabView.js,BottomTabView,Too many props,"Number of props: 26; Props: tabBar,state,navigation,descriptors,safeAreaInsets,detachInactiveScreens,sceneContainerStyle,dimensions,layout,insets,style,routes,enabled,hasTwoStates,lazy,unmountOnBlur,freezeOnBlur,header,headerShown,headerStatusBarHeight,headerTransparent,key,visible,value,focused,route",,
7,/home/danielvitor/Documentos/Faculdade/PI_3/code/marmitaria/mobile/node_modules/@react-navigation/bottom-tabs/lib/module/views/BottomTabBar.js,BottomTabBar,Large Component,LOC: 204; Number of props: 54; Number of attributes: 0; Number of methods: 3,,
8,/home/danielvitor/Documentos/Faculdade/PI_3/code/marmitaria/mobile/node_modules/@react-navigation/bottom-tabs/lib/module/views/BottomTabBar.js,BottomTabBar,Too many props,"Number of props: 54; Props: state,navigation,descriptors,insets,style,colors,tabBarShowLabel,tabBarHideOnKeyboard,tabBarVisibilityAnimationConfig,tabBarStyle,tabBarBackground,tabBarActiveTintColor,tabBarInactiveTintColor,tabBarActiveBackgroundColor,tabBarInactiveBackgroundColor,finished,height,width,routes,dimensions,layout,pointerEvents,onLayout,accessibilityRole,options,type,target,canPreventDefault,name,merge,key,value,route,descriptor,focused,horizontal,onPress,onLongPress,accessibilityLabel,to,testID,allowFontScaling,activeTintColor,inactiveTintColor,activeBackgroundColor,inactiveBackgroundColor,button,icon,badge,badgeStyle,label,showLabel,labelStyle,iconStyle",,
9,/home/danielvitor/Documentos/Faculdade/PI_3/code/marmitaria/mobile/node_modules/@react-navigation/bottom-tabs/lib/module/views/BottomTabItem.js,BottomTabBarItem,Large Component,LOC: 140; Number of props: 35; Number of attributes: 0; Number of methods: 2,,
10,/home/danielvitor/Documentos/Faculdade/PI_3/code/marmitaria/mobile/node_modules/@react-navigation/bottom-tabs/lib/module/views/BottomTabItem.js,BottomTabBarItem,Too many props,"Number of props: 35; Props: focused,route,descriptor,label,icon,badge,badgeStyle,to,button,accessibilityLabel,testID,onPress,onLongPress,horizontal,activeTintColor,inactiveTintColor,activeBackgroundColor,inactiveBackgroundColor,showLabel,allowFontScaling,labelStyle,iconStyle,style,colors,numberOfLines,options,color,position,children,activeOpacity,inactiveOpacity,renderIcon,accessibilityRole,accessibilityState,accessibilityStates",,
11,/home/danielvitor/Documentos/Faculdade/PI_3/code/marmitaria/mobile/node_modules/@react-navigation/bottom-tabs/lib/module/views/TabBarIcon.js,TabBarIcon,Large Component,LOC: 41; Number of props: 14; Number of attributes: 0; Number of methods: 0,,
12,/home/danielvitor/Documentos/Faculdade/PI_3/code/marmitaria/mobile/node_modules/@react-navigation/bottom-tabs/lib/module/views/TabBarIcon.js,TabBarIcon,Too many props,"Number of props: 14; Props: route,horizontal,badge,badgeStyle,activeOpacity,inactiveOpacity,activeTintColor,inactiveTintColor,renderIcon,style,focused,size,color,visible",,
13,/home/danielvitor/Documentos/Faculdade/PI_3/code/marmitaria/mobile/node_modules/@react-navigation/bottom-tabs/src/views/BottomTabBar.tsx,BottomTabBar,Large Component,LOC: 251; Number of props: 35; Number of attributes: 0; Number of methods: 3,,
14,/home/danielvitor/Documentos/Faculdade/PI_3/code/marmitaria/mobile/node_modules/@react-navigation/bottom-tabs/src/views/BottomTabBar.tsx,BottomTabBar,Too many props,"Number of props: 35; Props: state,navigation,descriptors,insets,style,colors,tabBarShowLabel,tabBarHideOnKeyboard,tabBarVisibilityAnimationConfig,tabBarStyle,tabBarBackground,tabBarActiveTintColor,tabBarInactiveTintColor,tabBarActiveBackgroundColor,tabBarInactiveBackgroundColor,finished,height,width,routes,dimensions,layout,backgroundColor,borderTopColor,transform,position,paddingBottom,paddingHorizontal,options,type,target,canPreventDefault,name,merge,color,size",,
15,/home/danielvitor/Documentos/Faculdade/PI_3/code/marmitaria/mobile/node_modules/@react-navigation/bottom-tabs/src/views/BottomTabItem.tsx,BottomTabBarItem,Large Component,LOC: 173; Number of props: 31; Number of attributes: 0; Number of methods: 2,,
16,/home/danielvitor/Documentos/Faculdade/PI_3/code/marmitaria/mobile/node_modules/@react-navigation/bottom-tabs/src/views/BottomTabItem.tsx,BottomTabBarItem,Too many props,"Number of props: 31; Props: focused,route,descriptor,label,icon,badge,badgeStyle,to,button,accessibilityLabel,testID,onPress,onLongPress,horizontal,activeTintColor,inactiveTintColor,activeBackgroundColor,inactiveBackgroundColor,showLabel,allowFontScaling,labelStyle,iconStyle,style,colors,color,options,position,children,accessibilityRole,accessibilityState,accessibilityStates",,
17,/home/danielvitor/Documentos/Faculdade/PI_3/code/marmitaria/mobile/node_modules/@react-navigation/bottom-tabs/src/views/TabBarIcon.tsx,TabBarIcon,Large Component,LOC: 48; Number of props: 14; Number of attributes: 0; Number of methods: 0,,
18,/home/danielvitor/Documentos/Faculdade/PI_3/code/marmitaria/mobile/node_modules/@react-navigation/bottom-tabs/src/views/TabBarIcon.tsx,TabBarIcon,Too many props,"Number of props: 14; Props: route,horizontal,badge,badgeStyle,activeOpacity,inactiveOpacity,activeTintColor,inactiveTintColor,renderIcon,style,opacity,focused,size,color",,
19,/home/danielvitor/Documentos/Faculdade/PI_3/code/marmitaria/mobile/node_modules/@react-navigation/core/lib/commonjs/SceneView.js,SceneView,Large Component,LOC: 74; Number of props: 18; Number of attributes: 0; Number of methods: 0,,
20,/home/danielvitor/Documentos/Faculdade/PI_3/code/marmitaria/mobile/node_modules/@react-navigation/core/lib/commonjs/SceneView.js,SceneView,Too many props,"Number of props: 18; Props: screen,route,navigation,routeState,getState,setState,options,clearOptions,addOptionsGetter,key,routes,state,getKey,setKey,getIsInitial,value,name,render",,
21,/home/danielvitor/Documentos/Faculdade/PI_3/code/marmitaria/mobile/node_modules/@react-navigation/elements/lib/commonjs/Header/Header.js,Header,Large Component,LOC: 189; Number of props: 66; Number of attributes: 0; Number of methods: 0,,
22,/home/danielvitor/Documentos/Faculdade/PI_3/code/marmitaria/mobile/node_modules/@react-navigation/elements/lib/commonjs/Header/Header.js,Header,Too many props,"Number of props: 66; Props: layout,modal,title,headerTitle,headerTitleAlign,headerLeft,headerLeftLabelVisible,headerTransparent,headerTintColor,headerBackground,headerRight,headerTitleAllowFontScaling,headerTitleStyle,headerLeftContainerStyle,headerRightContainerStyle,headerTitleContainerStyle,headerBackgroundContainerStyle,headerStyle,headerShadowVisible,headerPressColor,headerPressOpacity,headerStatusBarHeight,height,minHeight,maxHeight,backgroundColor,borderBottomColor,borderBottomEndRadius,borderBottomLeftRadius,borderBottomRightRadius,borderBottomStartRadius,borderBottomWidth,borderColor,borderEndColor,borderEndWidth,borderLeftColor,borderLeftWidth,borderRadius,borderRightColor,borderRightWidth,borderStartColor,borderStartWidth,borderStyle,borderTopColor,borderTopEndRadius,borderTopLeftRadius,borderTopRightRadius,borderTopStartRadius,borderTopWidth,borderWidth,boxShadow,elevation,shadowColor,shadowOffset,shadowOpacity,shadowRadius,opacity,transform,tintColor,pressColor,pressOpacity,labelVisible,pointerEvents,style,children,allowFontScaling",,
23,/home/danielvitor/Documentos/Faculdade/PI_3/code/marmitaria/mobile/node_modules/@react-navigation/elements/lib/commonjs/Header/HeaderBackButton.js,HeaderBackButton,Large Component,LOC: 113; Number of props: 29; Number of attributes: 0; Number of methods: 5,,
24,/home/danielvitor/Documentos/Faculdade/PI_3/code/marmitaria/mobile/node_modules/@react-navigation/elements/lib/commonjs/Header/HeaderBackButton.js,HeaderBackButton,Too many props,"Number of props: 29; Props: disabled,allowFontScaling,backImage,label,labelStyle,labelVisible,onLabelLayout,onPress,pressColor,pressOpacity,screenLayout,tintColor,titleLayout,truncatedLabel,accessibilityLabel,testID,style,colors,ios,default,source,fadeDuration,accessible,onLayout,numberOfLines,maskElement,accessibilityRole,android_ripple,hitSlop",,
25,/home/danielvitor/Documentos/Faculdade/PI_3/code/marmitaria/mobile/node_modules/@react-navigation/elements/lib/commonjs/Screen.js,Screen,Large Component,LOC: 42; Number of props: 14; Number of attributes: 0; Number of methods: 0,,
26,/home/danielvitor/Documentos/Faculdade/PI_3/code/marmitaria/mobile/node_modules/@react-navigation/elements/lib/commonjs/Screen.js,Screen,Too many props,"Number of props: 14; Props: focused,modal,header,headerShown,headerTransparent,headerStatusBarHeight,navigation,route,children,style,accessibilityElementsHidden,importantForAccessibility,value,onLayout",,
27,/home/danielvitor/Documentos/Faculdade/PI_3/code/marmitaria/mobile/node_modules/@react-navigation/native/lib/commonjs/NavigationContainer.js,NavigationContainerInner,Large Component,LOC: 73; Number of props: 16; Number of attributes: 0; Number of methods: 0,,
28,/home/danielvitor/Documentos/Faculdade/PI_3/code/marmitaria/mobile/node_modules/@react-navigation/native/lib/commonjs/NavigationContainer.js,NavigationContainerInner,Too many props,"Number of props: 16; Props: theme,linking,fallback,documentTitle,onReady,getInitialState,independent,enabled,prefixes,getStateFromPath,getPathFromState,getActionFromState,options,value,initialState,ref",,
29,/home/danielvitor/Documentos/Faculdade/PI_3/code/marmitaria/mobile/node_modules/@react-navigation/native-stack/lib/commonjs/views/HeaderConfig.js,HeaderConfig,Large Component,LOC: 138; Number of props: 60; Number of attributes: 0; Number of methods: 0,,
30,/home/danielvitor/Documentos/Faculdade/PI_3/code/marmitaria/mobile/node_modules/@react-navigation/native-stack/lib/commonjs/views/HeaderConfig.js,HeaderConfig,Too many props,"Number of props: 60; Props: headerHeight,headerBackImageSource,headerBackButtonMenuEnabled,headerBackTitle,headerBackTitleStyle,headerBackTitleVisible,headerBackVisible,headerShadowVisible,headerLargeStyle,headerLargeTitle,headerLargeTitleShadowVisible,headerLargeTitleStyle,headerBackground,headerLeft,headerRight,headerShown,headerStyle,headerBlurEffect,headerTintColor,headerTitle,headerTitleAlign,headerTitleStyle,headerTransparent,headerSearchBarOptions,headerTopInsetEnabled,route,title,canGoBack,colors,color,tintColor,label,children,style,backButtonInCustomView,backgroundColor,backTitle,backTitleVisible,backTitleFontFamily,backTitleFontSize,blurEffect,direction,disableBackButtonMenu,hidden,hideBackButton,hideShadow,largeTitle,largeTitleBackgroundColor,largeTitleColor,largeTitleFontFamily,largeTitleFontSize,largeTitleFontWeight,largeTitleHideShadow,titleColor,titleFontFamily,titleFontSize,titleFontWeight,topInsetEnabled,translucent,source",,
31,/home/danielvitor/Documentos/Faculdade/PI_3/code/marmitaria/mobile/node_modules/@react-navigation/native-stack/lib/commonjs/views/NativeStackView.js,NativeStackView,Large Component,LOC: 121; Number of props: 27; Number of attributes: 0; Number of methods: 0,,
32,/home/danielvitor/Documentos/Faculdade/PI_3/code/marmitaria/mobile/node_modules/@react-navigation/native-stack/lib/commonjs/views/NativeStackView.js,NativeStackView,Too many props,"Number of props: 27; Props: state,descriptors,style,options,navigation,render,title,header,headerShown,headerTintColor,headerBackImageSource,headerLeft,headerRight,headerTitle,headerTitleAlign,headerTitleStyle,headerStyle,headerShadowVisible,headerTransparent,headerBackground,headerBackTitle,presentation,contentStyle,key,focused,route,value",,
33,/home/danielvitor/Documentos/Faculdade/PI_3/code/marmitaria/mobile/node_modules/@react-navigation/native-stack/lib/commonjs/views/NativeStackView.native.js,MaybeNestedStack,Large Component,LOC: 44; Number of props: 14; Number of attributes: 0; Number of methods: 0,,
34,/home/danielvitor/Documentos/Faculdade/PI_3/code/marmitaria/mobile/node_modules/@react-navigation/native-stack/lib/commonjs/views/NativeStackView.native.js,MaybeNestedStack,Too many props,"Number of props: 14; Props: options,route,presentation,headerHeight,headerTopInsetEnabled,children,colors,header,headerShown,contentStyle,style,stackPresentation,enabled,canGoBack",,
35,/home/danielvitor/Documentos/Faculdade/PI_3/code/marmitaria/mobile/node_modules/@react-navigation/native-stack/lib/commonjs/views/NativeStackView.native.js,SceneView,Large Component,LOC: 177; Number of props: 63; Number of attributes: 0; Number of methods: 0,,
36,/home/danielvitor/Documentos/Faculdade/PI_3/code/marmitaria/mobile/node_modules/@react-navigation/native-stack/lib/commonjs/views/NativeStackView.native.js,SceneView,Too many props,"Number of props: 63; Props: index,focused,descriptor,previousDescriptor,nextDescriptor,onWillDisappear,onAppear,onDisappear,onDismissed,onHeaderBackButtonClicked,onNativeDismissCancelled,route,navigation,options,render,animationDuration,animationTypeForReplace,gestureEnabled,header,headerBackButtonMenuEnabled,headerShown,headerTransparent,autoHideHomeIndicator,navigationBarColor,navigationBarHidden,orientation,statusBarAnimation,statusBarHidden,statusBarStyle,statusBarTranslucent,statusBarColor,freezeOnBlur,animation,customAnimationOnGesture,fullScreenGestureEnabled,presentation,gestureDirection,preventedRoutes,title,key,enabled,style,customAnimationOnSwipe,fullScreenSwipeEnabled,homeIndicatorHidden,replaceAnimation,stackPresentation,stackAnimation,screenOrientation,swipeDirection,transitionDuration,isNativeStack,nativeBackButtonDismissalEnabled,preventNativeDismiss,value,accessibilityElementsHidden,importantForAccessibility,headerHeight,headerTopInsetEnabled,onLayout,back,headerBackTitle,canGoBack",,
37,/home/danielvitor/Documentos/Faculdade/PI_3/code/marmitaria/mobile/node_modules/@react-navigation/native-stack/lib/commonjs/views/NativeStackView.native.js,NativeStackViewInner,Large Component,LOC: 79; Number of props: 17; Number of attributes: 0; Number of methods: 0,,
38,/home/danielvitor/Documentos/Faculdade/PI_3/code/marmitaria/mobile/node_modules/@react-navigation/native-stack/lib/commonjs/views/NativeStackView.native.js,NativeStackViewInner,Too many props,"Number of props: 17; Props: state,navigation,descriptors,setNextDismissedKey,style,key,index,focused,descriptor,previousDescriptor,nextDescriptor,onWillDisappear,onAppear,onDisappear,onDismissed,onHeaderBackButtonClicked,onNativeDismissCancelled",,
39,/home/danielvitor/Documentos/Faculdade/PI_3/code/marmitaria/mobile/node_modules/expo-router/src/views/ErrorBoundary.tsx,ErrorBoundary,Large Component,LOC: 56; Number of props: 16; Number of attributes: 0; Number of methods: 0,,
40,/home/danielvitor/Documentos/Faculdade/PI_3/code/marmitaria/mobile/node_modules/expo-router/src/views/ErrorBoundary.tsx,ErrorBoundary,Too many props,"Number of props: 16; Props: error,retry,flex,gap,maxWidth,marginHorizontal,marginBottom,flexDirection,flexWrap,justifyContent,alignItems,hovered,pressed,backgroundColor,transitionDuration,color",,
41,/home/danielvitor/Documentos/Faculdade/PI_3/code/marmitaria/mobile/node_modules/expo-router/src/views/Sitemap.tsx,FileItem,Large Component,LOC: 118; Number of props: 14; Number of attributes: 0; Number of methods: 0,,
42,/home/danielvitor/Documentos/Faculdade/PI_3/code/marmitaria/mobile/node_modules/expo-router/src/views/Sitemap.tsx,FileItem,Too many props,"Number of props: 14; Props: route,level,parents,isInitial,flex,display,pressed,hovered,paddingLeft,backgroundColor,opacity,flexDirection,alignItems,marginRight",,
43,/home/danielvitor/Documentos/Faculdade/PI_3/code/marmitaria/mobile/node_modules/istanbul-reports/lib/html-spa/src/index.js,App,Large Component,LOC: 136; Number of props: 5; Number of attributes: 0; Number of methods: 0,,
44,/home/danielvitor/Documentos/Faculdade/PI_3/code/marmitaria/mobile/node_modules/react-helmet-async/src/index.js,Helmet,Large Component,LOC: 233; Number of props: 27; Number of attributes: 3; Number of methods: 7,,
45,/home/danielvitor/Documentos/Faculdade/PI_3/code/marmitaria/mobile/node_modules/react-helmet-async/src/index.js,Helmet,Too many props,"Number of props: 27; Props: base,bodyAttributes,children,defaultTitle,defer,encodeSpecialCharacters,htmlAttributes,link,meta,noscript,onChangeClientState,script,style,title,titleAttributes,titleTemplate,prioritizeSeoTags,helmetData,innerHTML,cssText,child,arrayTypeChildren,newChildProps,nestedChildren,newProps,arrayChildName,type",,
46,/home/danielvitor/Documentos/Faculdade/PI_3/code/marmitaria/mobile/node_modules/react-helmet-async/src/index.js,Helmet,JSX outside the render method,"Methods with JSX: shouldComponentUpdate,mapNestedChildrenToProps,flattenArrayTypeChildren,mapObjectTypeChildren,mapArrayTypeChildrenToProps,warnOnInvalidChildren,mapChildrenToProps",,
47,/home/danielvitor/Documentos/Faculdade/PI_3/code/marmitaria/mobile/node_modules/react-native/Libraries/Components/RefreshControl/RefreshControl.js,RefreshControl,Force Update,"Line 191: this.forceUpdate();
",,
48,/home/danielvitor/Documentos/Faculdade/PI_3/code/marmitaria/mobile/node_modules/react-native/Libraries/Components/RefreshControl/RefreshControl.js,RefreshControl,JSX outside the render method,"Methods with JSX: componentDidMount,componentDidUpdate,_onRefresh,_setNativeRef",,
49,/home/danielvitor/Documentos/Faculdade/PI_3/code/marmitaria/mobile/node_modules/react-native/Libraries/Inspector/Inspector.js,Inspector,Large Component,LOC: 216; Number of props: 19; Number of attributes: 3; Number of methods: 11,,
50,/home/danielvitor/Documentos/Faculdade/PI_3/code/marmitaria/mobile/node_modules/react-native/Libraries/Inspector/Inspector.js,Inspector,Too many props,"Number of props: 19; Props: devtoolsAgent,hierarchy,panelPos,inspecting,perfing,inspected,selection,inspectedView,networking,measure,props,source,selectedIndex,frame,pointerY,touchedViewTag,closestInstance,bottom,top",,
51,/home/danielvitor/Documentos/Faculdade/PI_3/code/marmitaria/mobile/node_modules/react-native/Libraries/Inspector/Inspector.js,Inspector,JSX outside the render method,"Methods with JSX: componentDidMount,componentWillUnmount,UNSAFE_componentWillReceiveProps,_attachToDevtools,_onAgentShutdown,setSelection,onTouchPoint,setPerfing,setInspecting,setTouchTargeting,setNetworking",,
52,/home/danielvitor/Documentos/Faculdade/PI_3/code/marmitaria/mobile/node_modules/react-native/Libraries/Inspector/NetworkOverlay.js,NetworkOverlay,Large Component,LOC: 412; Number of props: 14; Number of attributes: 6; Number of methods: 13,,
53,/home/danielvitor/Documentos/Faculdade/PI_3/code/marmitaria/mobile/node_modules/react-native/Libraries/Inspector/NetworkOverlay.js,NetworkOverlay,Too many props,"Number of props: 14; Props: offset,visibleLength,contentLength,detailRowId,requests,id,type,method,url,protocols,item,index,y,animated",,
54,/home/danielvitor/Documentos/Faculdade/PI_3/code/marmitaria/mobile/node_modules/react-native/Libraries/Inspector/NetworkOverlay.js,NetworkOverlay,JSX outside the render method,"Methods with JSX: _enableXHRInterception,_enableWebSocketInterception,componentDidMount,componentWillUnmount,_renderItem,_renderItemDetail,_indicateAdditionalRequests,_captureRequestsListView,_requestsListViewOnScroll,_pressRow,_scrollDetailToTop,_closeButtonClicked,_getRequestIndexByXHRID",,
55,/home/danielvitor/Documentos/Faculdade/PI_3/code/marmitaria/mobile/node_modules/react-native/Libraries/Lists/FlatList.js,FlatList,Large Component,LOC: 393; Number of props: 20; Number of attributes: 4; Number of methods: 21,,
56,/home/danielvitor/Documentos/Faculdade/PI_3/code/marmitaria/mobile/node_modules/react-native/Libraries/Lists/FlatList.js,FlatList,Too many props,"Number of props: 20; Props: viewabilityConfigCallbackPairs,viewabilityConfig,onViewableItemsChanged,numColumns,getItem,getItemCount,horizontal,columnWrapperStyle,keyExtractor,item,key,index,viewableItems,changed,separators,ListItemComponent,renderItem,removeClippedSubviews,strictMode,extraData",,
57,/home/danielvitor/Documentos/Faculdade/PI_3/code/marmitaria/mobile/node_modules/react-native/Libraries/Lists/FlatList.js,FlatList,JSX outside the render method,"Methods with JSX: scrollToEnd,scrollToIndex,scrollToItem,scrollToOffset,recordInteraction,flashScrollIndicators,getScrollResponder,getNativeScrollRef,getScrollableNode,setNativeProps,componentDidUpdate,_captureRef,_checkProps,_getItem,_getItemCount,_keyExtractor,_pushMultiColumnViewable,_createOnViewableItemsChanged,_renderer",,
58,/home/danielvitor/Documentos/Faculdade/PI_3/code/marmitaria/mobile/node_modules/react-native/Libraries/Modal/Modal.js,Modal,Large Component,LOC: 111; Number of props: 14; Number of attributes: 4; Number of methods: 4,,
59,/home/danielvitor/Documentos/Faculdade/PI_3/code/marmitaria/mobile/node_modules/react-native/Libraries/Modal/Modal.js,Modal,Too many props,"Number of props: 14; Props: visible,hardwareAccelerated,onDismiss,backgroundColor,animationType,presentationStyle,transparent,children,onRequestClose,onShow,statusBarTranslucent,supportedOrientations,onOrientationChange,testID",,
60,/home/danielvitor/Documentos/Faculdade/PI_3/code/marmitaria/mobile/node_modules/react-native/Libraries/Modal/Modal.js,Modal,JSX outside the render method,"Methods with JSX: componentDidMount,componentWillUnmount,componentDidUpdate,_shouldSetResponder",,
61,/home/danielvitor/Documentos/Faculdade/PI_3/code/marmitaria/mobile/node_modules/react-native/Libraries/Renderer/implementations/ReactFabric-prod.js,ChildReconciler,Large Component,LOC: 609; Number of props: 1; Number of attributes: 0; Number of methods: 16,,
62,/home/danielvitor/Documentos/Faculdade/PI_3/code/marmitaria/mobile/node_modules/react-native/Libraries/Renderer/implementations/ReactFabric-profiling.js,ChildReconciler,Large Component,LOC: 609; Number of props: 1; Number of attributes: 0; Number of methods: 16,,
63,/home/danielvitor/Documentos/Faculdade/PI_3/code/marmitaria/mobile/node_modules/react-native/Libraries/Renderer/implementations/ReactNativeRenderer-prod.js,ChildReconciler,Large Component,LOC: 609; Number of props: 1; Number of attributes: 0; Number of methods: 16,,
64,/home/danielvitor/Documentos/Faculdade/PI_3/code/marmitaria/mobile/node_modules/react-native/Libraries/Renderer/implementations/ReactNativeRenderer-profiling.js,ChildReconciler,Large Component,LOC: 609; Number of props: 1; Number of attributes: 0; Number of methods: 16,,
65,/home/danielvitor/Documentos/Faculdade/PI_3/code/marmitaria/mobile/node_modules/react-native/jest/mockModal.js,ModalMock,Inheritance instead of composition,SuperClass: BaseComponent,,
66,/home/danielvitor/Documentos/Faculdade/PI_3/code/marmitaria/mobile/node_modules/react-native/jest/mockScrollView.js,ScrollViewMock,Inheritance instead of composition,SuperClass: BaseComponent,,
67,/home/danielvitor/Documentos/Faculdade/PI_3/code/marmitaria/mobile/node_modules/react-native-gesture-handler/lib/commonjs/components/DrawerLayout.js,DrawerLayout,Large Component,LOC: 493; Number of props: 51; Number of attributes: 0; Number of methods: 1,,
68,/home/danielvitor/Documentos/Faculdade/PI_3/code/marmitaria/mobile/node_modules/react-native-gesture-handler/lib/commonjs/components/DrawerLayout.js,DrawerLayout,Too many props,"Number of props: 51; Props: drawerPosition,drawerWidth,drawerType,dragX,touchX,drawerTranslation,containerWidth,inputRange,outputRange,extrapolate,useNativeDriver,onDrawerSlide,nativeEvent,drawerState,keyboardDismissMode,hideStatusBar,statusBarAnimation,drawerLockMode,translationX,velocityX,x,accessibilityViewIsModal,pointerEvents,minSwipeDistance,edgeWidth,left,width,right,hitSlop,activeOffsetX,useNativeAnimations,finished,drawerOpened,opacity,backgroundColor,onHandlerStateChange,ref,style,drawerBackgroundColor,drawerContainerStyle,contentContainerStyle,transform,flexDirection,onLayout,importantForAccessibility,children,userSelect,failOffsetY,onGestureEvent,enableTrackpadTwoFingerGesture,enabled",,
69,/home/danielvitor/Documentos/Faculdade/PI_3/code/marmitaria/mobile/node_modules/react-native-gesture-handler/lib/commonjs/components/DrawerLayout.js,DrawerLayout,Force Update,"Line 344: this.forceUpdate();
Line 352: this.forceUpdate();
",,
70,/home/danielvitor/Documentos/Faculdade/PI_3/code/marmitaria/mobile/node_modules/react-native-gesture-handler/lib/commonjs/components/Swipeable.js,Swipeable,Large Component,LOC: 335; Number of props: 32; Number of attributes: 0; Number of methods: 1,,
71,/home/danielvitor/Documentos/Faculdade/PI_3/code/marmitaria/mobile/node_modules/react-native-gesture-handler/lib/commonjs/components/Swipeable.js,Swipeable,Too many props,"Number of props: 32; Props: friction,overshootFriction,dragX,rowTranslation,leftWidth,rowWidth,rightOffset,overshootLeft,overshootRight,inputRange,outputRange,extrapolate,nativeEvent,velocityX,translationX,rowState,leftThreshold,rightThreshold,finished,useNativeDriver,children,renderLeftActions,renderRightActions,dragOffsetFromLeftEdge,dragOffsetFromRightEdge,style,onLayout,activeOffsetX,onGestureEvent,onHandlerStateChange,enabled,pointerEvents",,
72,/home/danielvitor/Documentos/Faculdade/PI_3/code/marmitaria/mobile/node_modules/react-native-gesture-handler/lib/commonjs/components/touchables/GenericTouchable.js,GenericTouchable,Large Component,LOC: 238; Number of props: 30; Number of attributes: 0; Number of methods: 9,,
73,/home/danielvitor/Documentos/Faculdade/PI_3/code/marmitaria/mobile/node_modules/react-native-gesture-handler/lib/commonjs/components/touchables/GenericTouchable.js,GenericTouchable,Too many props,"Number of props: 30; Props: nativeEvent,state,delayPressIn,onLongPress,delayLongPress,delayPressOut,hitSlop,top,left,bottom,right,accessible,accessibilityLabel,accessibilityHint,accessibilityRole,accessibilityState,accessibilityActions,onAccessibilityAction,nativeID,onLayout,style,onHandlerStateChange,onGestureEvent,shouldActivateOnStart,disallowInterruption,testID,touchSoundDisabled,enabled,extraButtonProps,children",,
74,/home/danielvitor/Documentos/Faculdade/PI_3/code/marmitaria/mobile/node_modules/react-native-gesture-handler/lib/commonjs/handlers/createHandler.js,Handler,Large Component,LOC: 311; Number of props: 22; Number of attributes: 0; Number of methods: 5,,
75,/home/danielvitor/Documentos/Faculdade/PI_3/code/marmitaria/mobile/node_modules/react-native-gesture-handler/lib/commonjs/handlers/createHandler.js,Handler,Too many props,"Number of props: 22; Props: name,allowedProps,config,transformProps,customNativeProps,onGestureEvent,onHandlerStateChange,stateEventName,children,ref,onGestureStateChange,allowTouches,id,onGestureHandlerEvent,onGestureHandlerStateChange,key,color,hitSlop,collapsable,handlerType,handlerTag,testID",,
76,/home/danielvitor/Documentos/Faculdade/PI_3/code/marmitaria/mobile/node_modules/react-native-gesture-handler/lib/module/handlers/gestures/GestureDetector.js,GestureDetector,Large Component,LOC: 151; Number of props: 20; Number of attributes: 0; Number of methods: 3,,
77,/home/danielvitor/Documentos/Faculdade/PI_3/code/marmitaria/mobile/node_modules/react-native-gesture-handler/lib/module/handlers/gestures/GestureDetector.js,GestureDetector,Too many props,"Number of props: 20; Props: gesture,userSelect,firstRender,viewRef,previousViewTag,forceReattach,onGestureHandlerEvent,onGestureHandlerStateChange,config,animatedEventHandler,animatedHandlers,firstExecution,useReanimatedHook,preparedGesture,gestureConfig,webEventHandlersRef,viewTag,mountedRef,ref,children",,
78,/home/danielvitor/Documentos/Faculdade/PI_3/code/marmitaria/mobile/node_modules/react-native-gesture-handler/src/handlers/gestures/GestureDetector.tsx,GestureDetector,Large Component,LOC: 173; Number of props: 19; Number of attributes: 0; Number of methods: 3,,
79,/home/danielvitor/Documentos/Faculdade/PI_3/code/marmitaria/mobile/node_modules/react-native-gesture-handler/src/handlers/gestures/GestureDetector.tsx,GestureDetector,Too many props,"Number of props: 19; Props: gesture,userSelect,firstRender,viewRef,previousViewTag,forceReattach,onGestureHandlerEvent,onGestureHandlerStateChange,config,animatedEventHandler,animatedHandlers,firstExecution,useReanimatedHook,preparedGesture,gestureConfig,webEventHandlersRef,viewTag,mountedRef,children",,
80,/home/danielvitor/Documentos/Faculdade/PI_3/code/marmitaria/mobile/node_modules/react-native-safe-area-context/lib/commonjs/NativeSafeAreaProvider.web.js,NativeSafeAreaProvider,Large Component,LOC: 51; Number of props: 16; Number of attributes: 0; Number of methods: 1,,
81,/home/danielvitor/Documentos/Faculdade/PI_3/code/marmitaria/mobile/node_modules/react-native-safe-area-context/lib/commonjs/NativeSafeAreaProvider.web.js,NativeSafeAreaProvider,Too many props,"Number of props: 16; Props: children,style,onInsetsChange,paddingTop,paddingBottom,paddingLeft,paddingRight,top,bottom,left,right,x,y,width,height,nativeEvent",,
82,/home/danielvitor/Documentos/Faculdade/PI_3/code/marmitaria/mobile/node_modules/react-native-screens/lib/commonjs/native-stack/views/HeaderConfig.js,HeaderConfig,Large Component,LOC: 118; Number of props: 63; Number of attributes: 0; Number of methods: 0,,
83,/home/danielvitor/Documentos/Faculdade/PI_3/code/marmitaria/mobile/node_modules/react-native-screens/lib/commonjs/native-stack/views/HeaderConfig.js,HeaderConfig,Too many props,"Number of props: 63; Props: backButtonImage,backButtonInCustomView,direction,disableBackButtonMenu,headerBackTitle,headerBackTitleStyle,headerBackTitleVisible,headerCenter,headerHideBackButton,headerHideShadow,headerLargeStyle,headerLargeTitle,headerLargeTitleHideShadow,headerLargeTitleStyle,headerLeft,headerRight,headerShown,headerStyle,headerTintColor,headerTitle,headerTitleStyle,headerTopInsetEnabled,headerTranslucent,route,searchBar,title,colors,handleAttached,handleDetached,clearSubscription,createSubscription,onBackPress,isDisabled,onFocus,onClose,backgroundColor,backTitle,backTitleFontFamily,backTitleFontSize,backTitleVisible,blurEffect,color,hidden,hideBackButton,hideShadow,largeTitle,largeTitleBackgroundColor,largeTitleColor,largeTitleFontFamily,largeTitleFontSize,largeTitleFontWeight,largeTitleHideShadow,titleColor,titleFontFamily,titleFontSize,titleFontWeight,topInsetEnabled,translucent,onAttached,onDetached,tintColor,key,source",,
84,/home/danielvitor/Documentos/Faculdade/PI_3/code/marmitaria/mobile/node_modules/react-native-screens/lib/commonjs/native-stack/views/NativeStackView.js,RouteView,Large Component,LOC: 174; Number of props: 46; Number of attributes: 0; Number of methods: 0,,
85,/home/danielvitor/Documentos/Faculdade/PI_3/code/marmitaria/mobile/node_modules/react-native-screens/lib/commonjs/native-stack/views/NativeStackView.js,RouteView,Too many props,"Number of props: 46; Props: descriptors,route,index,navigation,stateKey,options,render,gestureEnabled,headerShown,hideKeyboardOnSwipe,homeIndicatorHidden,sheetAllowedDetents,sheetLargestUndimmedDetent,sheetGrabberVisible,sheetCornerRadius,sheetExpandsWhenScrolledToEdge,nativeBackButtonDismissalEnabled,navigationBarColor,navigationBarHidden,replaceAnimation,screenOrientation,statusBarAnimation,statusBarColor,statusBarHidden,statusBarStyle,statusBarTranslucent,swipeDirection,transitionDuration,freezeOnBlur,customAnimationOnSwipe,fullScreenSwipeEnabled,gestureResponseDistance,stackAnimation,stackPresentation,dark,key,enabled,isNativeStack,style,onHeaderBackButtonClicked,onWillAppear,onWillDisappear,onAppear,onDisappear,onDismissed,value",,
86,/home/danielvitor/Documentos/Faculdade/PI_3/code/marmitaria/mobile/node_modules/react-native-screens/lib/module/index.native.js,InnerScreen,Large Component,LOC: 121; Number of props: 19; Number of attributes: 0; Number of methods: 2,,
87,/home/danielvitor/Documentos/Faculdade/PI_3/code/marmitaria/mobile/node_modules/react-native-screens/lib/module/index.native.js,InnerScreen,Too many props,"Number of props: 19; Props: enabled,freezeOnBlur,sheetAllowedDetents,sheetLargestUndimmedDetent,sheetGrabberVisible,sheetCornerRadius,sheetExpandsWhenScrolledToEdge,active,activityState,children,isNativeStack,gestureResponseDistance,display,freeze,ref,onTransitionProgress,value,style,onComponentRef",,
88,/home/danielvitor/Documentos/Faculdade/PI_3/code/marmitaria/mobile/node_modules/react-native-screens/lib/module/index.native.js,SearchBar,Large Component,LOC: 39; Number of props: 1; Number of attributes: 0; Number of methods: 6,,
89,/home/danielvitor/Documentos/Faculdade/PI_3/code/marmitaria/mobile/node_modules/react-native-screens/src/index.native.tsx,InnerScreen,Large Component,LOC: 142; Number of props: 24; Number of attributes: 4; Number of methods: 3,,
90,/home/danielvitor/Documentos/Faculdade/PI_3/code/marmitaria/mobile/node_modules/react-native-screens/src/index.native.tsx,InnerScreen,Too many props,"Number of props: 24; Props: enabled,freezeOnBlur,sheetAllowedDetents,sheetLargestUndimmedDetent,sheetGrabberVisible,sheetCornerRadius,sheetExpandsWhenScrolledToEdge,active,activityState,children,isNativeStack,gestureResponseDistance,display,start,end,top,bottom,nativeEvent,useNativeDriver,progress,closing,goingForward,style,onComponentRef",,
91,/home/danielvitor/Documentos/Faculdade/PI_3/code/marmitaria/mobile/node_modules/react-native-screens/src/index.native.tsx,SearchBar,Large Component,LOC: 65; Number of props: 0; Number of attributes: 1; Number of methods: 6,,
92,/home/danielvitor/Documentos/Faculdade/PI_3/code/marmitaria/mobile/node_modules/react-native-screens/src/index.native.tsx,SearchBar,JSX outside the render method,"Methods with JSX: _callMethodWithRef,blur,focus,toggleCancelButton,clearText,setText",,
93,/home/danielvitor/Documentos/Faculdade/PI_3/code/marmitaria/mobile/node_modules/react-native-svg/lib/commonjs/ReactNativeSVG.web.js,Circle,Inheritance instead of composition,SuperClass: WebShape,,
94,/home/danielvitor/Documentos/Faculdade/PI_3/code/marmitaria/mobile/node_modules/react-native-svg/lib/commonjs/ReactNativeSVG.web.js,ClipPath,Inheritance instead of composition,SuperClass: WebShape,,
95,/home/danielvitor/Documentos/Faculdade/PI_3/code/marmitaria/mobile/node_modules/react-native-svg/lib/commonjs/ReactNativeSVG.web.js,Defs,Inheritance instead of composition,SuperClass: WebShape,,
96,/home/danielvitor/Documentos/Faculdade/PI_3/code/marmitaria/mobile/node_modules/react-native-svg/lib/commonjs/ReactNativeSVG.web.js,Ellipse,Inheritance instead of composition,SuperClass: WebShape,,
97,/home/danielvitor/Documentos/Faculdade/PI_3/code/marmitaria/mobile/node_modules/react-native-svg/lib/commonjs/ReactNativeSVG.web.js,G,Inheritance instead of composition,SuperClass: WebShape,,
98,/home/danielvitor/Documentos/Faculdade/PI_3/code/marmitaria/mobile/node_modules/react-native-svg/lib/commonjs/ReactNativeSVG.web.js,Image,Inheritance instead of composition,SuperClass: WebShape,,
99,/home/danielvitor/Documentos/Faculdade/PI_3/code/marmitaria/mobile/node_modules/react-native-svg/lib/commonjs/ReactNativeSVG.web.js,Line,Inheritance instead of composition,SuperClass: WebShape,,
100,/home/danielvitor/Documentos/Faculdade/PI_3/code/marmitaria/mobile/node_modules/react-native-svg/lib/commonjs/ReactNativeSVG.web.js,LinearGradient,Inheritance instead of composition,SuperClass: WebShape,,
101,/home/danielvitor/Documentos/Faculdade/PI_3/code/marmitaria/mobile/node_modules/react-native-svg/lib/commonjs/ReactNativeSVG.web.js,Path,Inheritance instead of composition,SuperClass: WebShape,,
102,/home/danielvitor/Documentos/Faculdade/PI_3/code/marmitaria/mobile/node_modules/react-native-svg/lib/commonjs/ReactNativeSVG.web.js,Polygon,Inheritance instead of composition,SuperClass: WebShape,,
103,/home/danielvitor/Documentos/Faculdade/PI_3/code/marmitaria/mobile/node_modules/react-native-svg/lib/commonjs/ReactNativeSVG.web.js,Polyline,Inheritance instead of composition,SuperClass: WebShape,,
104,/home/danielvitor/Documentos/Faculdade/PI_3/code/marmitaria/mobile/node_modules/react-native-svg/lib/commonjs/ReactNativeSVG.web.js,RadialGradient,Inheritance instead of composition,SuperClass: WebShape,,
105,/home/danielvitor/Documentos/Faculdade/PI_3/code/marmitaria/mobile/node_modules/react-native-svg/lib/commonjs/ReactNativeSVG.web.js,Rect,Inheritance instead of composition,SuperClass: WebShape,,
106,/home/danielvitor/Documentos/Faculdade/PI_3/code/marmitaria/mobile/node_modules/react-native-svg/lib/commonjs/ReactNativeSVG.web.js,Stop,Inheritance instead of composition,SuperClass: WebShape,,
107,/home/danielvitor/Documentos/Faculdade/PI_3/code/marmitaria/mobile/node_modules/react-native-svg/lib/commonjs/ReactNativeSVG.web.js,Svg,Inheritance instead of composition,SuperClass: WebShape,,
108,/home/danielvitor/Documentos/Faculdade/PI_3/code/marmitaria/mobile/node_modules/react-native-svg/lib/commonjs/ReactNativeSVG.web.js,Symbol,Inheritance instead of composition,SuperClass: WebShape,,
109,/home/danielvitor/Documentos/Faculdade/PI_3/code/marmitaria/mobile/node_modules/react-native-svg/lib/commonjs/ReactNativeSVG.web.js,Text,Inheritance instead of composition,SuperClass: WebShape,,
110,/home/danielvitor/Documentos/Faculdade/PI_3/code/marmitaria/mobile/node_modules/react-native-svg/lib/commonjs/ReactNativeSVG.web.js,TSpan,Inheritance instead of composition,SuperClass: WebShape,,
111,/home/danielvitor/Documentos/Faculdade/PI_3/code/marmitaria/mobile/node_modules/react-native-svg/lib/commonjs/ReactNativeSVG.web.js,TextPath,Inheritance instead of composition,SuperClass: WebShape,,
112,/home/danielvitor/Documentos/Faculdade/PI_3/code/marmitaria/mobile/node_modules/react-native-svg/lib/commonjs/ReactNativeSVG.web.js,Use,Inheritance instead of composition,SuperClass: WebShape,,
113,/home/danielvitor/Documentos/Faculdade/PI_3/code/marmitaria/mobile/node_modules/react-native-svg/lib/commonjs/ReactNativeSVG.web.js,Mask,Inheritance instead of composition,SuperClass: WebShape,,
114,/home/danielvitor/Documentos/Faculdade/PI_3/code/marmitaria/mobile/node_modules/react-native-svg/lib/commonjs/ReactNativeSVG.web.js,ForeignObject,Inheritance instead of composition,SuperClass: WebShape,,
115,/home/danielvitor/Documentos/Faculdade/PI_3/code/marmitaria/mobile/node_modules/react-native-svg/lib/commonjs/ReactNativeSVG.web.js,Marker,Inheritance instead of composition,SuperClass: WebShape,,
116,/home/danielvitor/Documentos/Faculdade/PI_3/code/marmitaria/mobile/node_modules/react-native-svg/lib/commonjs/ReactNativeSVG.web.js,Pattern,Inheritance instead of composition,SuperClass: WebShape,,
117,/home/danielvitor/Documentos/Faculdade/PI_3/code/marmitaria/mobile/node_modules/react-native-svg/lib/module/elements/Circle.js,Circle,Inheritance instead of composition,SuperClass: Shape,,
118,/home/danielvitor/Documentos/Faculdade/PI_3/code/marmitaria/mobile/node_modules/react-native-svg/lib/module/elements/ClipPath.js,ClipPath,Inheritance instead of composition,SuperClass: Shape,,
119,/home/danielvitor/Documentos/Faculdade/PI_3/code/marmitaria/mobile/node_modules/react-native-svg/lib/module/elements/Ellipse.js,Ellipse,Inheritance instead of composition,SuperClass: Shape,,
120,/home/danielvitor/Documentos/Faculdade/PI_3/code/marmitaria/mobile/node_modules/react-native-svg/lib/module/elements/ForeignObject.js,ForeignObject,Inheritance instead of composition,SuperClass: G,,
121,/home/danielvitor/Documentos/Faculdade/PI_3/code/marmitaria/mobile/node_modules/react-native-svg/lib/module/elements/G.js,G,Inheritance instead of composition,SuperClass: Shape,,
122,/home/danielvitor/Documentos/Faculdade/PI_3/code/marmitaria/mobile/node_modules/react-native-svg/lib/module/elements/Image.js,SvgImage,Inheritance instead of composition,SuperClass: Shape,,
123,/home/danielvitor/Documentos/Faculdade/PI_3/code/marmitaria/mobile/node_modules/react-native-svg/lib/module/elements/Line.js,Line,Inheritance instead of composition,SuperClass: Shape,,
124,/home/danielvitor/Documentos/Faculdade/PI_3/code/marmitaria/mobile/node_modules/react-native-svg/lib/module/elements/LinearGradient.js,LinearGradient,Inheritance instead of composition,SuperClass: Shape,,
125,/home/danielvitor/Documentos/Faculdade/PI_3/code/marmitaria/mobile/node_modules/react-native-svg/lib/module/elements/Marker.js,Marker,Inheritance instead of composition,SuperClass: Shape,,
126,/home/danielvitor/Documentos/Faculdade/PI_3/code/marmitaria/mobile/node_modules/react-native-svg/lib/module/elements/Mask.js,Mask,Inheritance instead of composition,SuperClass: Shape,,
127,/home/danielvitor/Documentos/Faculdade/PI_3/code/marmitaria/mobile/node_modules/react-native-svg/lib/module/elements/Path.js,Path,Inheritance instead of composition,SuperClass: Shape,,
128,/home/danielvitor/Documentos/Faculdade/PI_3/code/marmitaria/mobile/node_modules/react-native-svg/lib/module/elements/Pattern.js,Pattern,Large Component,LOC: 48; Number of props: 16; Number of attributes: 2; Number of methods: 0,,
129,/home/danielvitor/Documentos/Faculdade/PI_3/code/marmitaria/mobile/node_modules/react-native-svg/lib/module/elements/Pattern.js,Pattern,Too many props,"Number of props: 16; Props: x,y,width,height,props,patternTransform,transform,id,patternUnits,patternContentUnits,children,viewBox,preserveAspectRatio,name,matrix,ref",,
130,/home/danielvitor/Documentos/Faculdade/PI_3/code/marmitaria/mobile/node_modules/react-native-svg/lib/module/elements/Pattern.js,Pattern,Inheritance instead of composition,SuperClass: Shape,,
131,/home/danielvitor/Documentos/Faculdade/PI_3/code/marmitaria/mobile/node_modules/react-native-svg/lib/module/elements/Polygon.js,Polygon,Inheritance instead of composition,SuperClass: Shape,,
132,/home/danielvitor/Documentos/Faculdade/PI_3/code/marmitaria/mobile/node_modules/react-native-svg/lib/module/elements/Polyline.js,Polyline,Inheritance instead of composition,SuperClass: Shape,,
133,/home/danielvitor/Documentos/Faculdade/PI_3/code/marmitaria/mobile/node_modules/react-native-svg/lib/module/elements/RadialGradient.js,RadialGradient,Inheritance instead of composition,SuperClass: Shape,,
134,/home/danielvitor/Documentos/Faculdade/PI_3/code/marmitaria/mobile/node_modules/react-native-svg/lib/module/elements/Rect.js,Rect,Inheritance instead of composition,SuperClass: Shape,,
135,/home/danielvitor/Documentos/Faculdade/PI_3/code/marmitaria/mobile/node_modules/react-native-svg/lib/module/elements/Svg.js,Svg,Large Component,LOC: 158; Number of props: 28; Number of attributes: 2; Number of methods: 5,,
136,/home/danielvitor/Documentos/Faculdade/PI_3/code/marmitaria/mobile/node_modules/react-native-svg/lib/module/elements/Svg.js,Svg,Too many props,"Number of props: 28; Props: preserveAspectRatio,root,width,height,bbWidth,bbHeight,style,opacity,viewBox,children,onLayout,color,focusable,transform,font,fill,fillOpacity,fillRule,stroke,strokeWidth,strokeOpacity,strokeDasharray,strokeDashoffset,strokeLinecap,strokeLinejoin,strokeMiterlimit,tintColor,ref",,
137,/home/danielvitor/Documentos/Faculdade/PI_3/code/marmitaria/mobile/node_modules/react-native-svg/lib/module/elements/Svg.js,Svg,Inheritance instead of composition,SuperClass: Shape,,
138,/home/danielvitor/Documentos/Faculdade/PI_3/code/marmitaria/mobile/node_modules/react-native-svg/lib/module/elements/Symbol.js,Symbol,Inheritance instead of composition,SuperClass: Shape,,
139,/home/danielvitor/Documentos/Faculdade/PI_3/code/marmitaria/mobile/node_modules/react-native-svg/lib/module/elements/TSpan.js,TSpan,Inheritance instead of composition,SuperClass: Shape,,
140,/home/danielvitor/Documentos/Faculdade/PI_3/code/marmitaria/mobile/node_modules/react-native-svg/lib/module/elements/Text.js,Text,Inheritance instead of composition,SuperClass: Shape,,
141,/home/danielvitor/Documentos/Faculdade/PI_3/code/marmitaria/mobile/node_modules/react-native-svg/lib/module/elements/TextPath.js,TextPath,Inheritance instead of composition,SuperClass: Shape,,
142,/home/danielvitor/Documentos/Faculdade/PI_3/code/marmitaria/mobile/node_modules/react-native-svg/lib/module/elements/Use.js,Use,Inheritance instead of composition,SuperClass: Shape,,
143,/home/danielvitor/Documentos/Faculdade/PI_3/code/marmitaria/mobile/node_modules/react-native-svg/src/elements/Circle.tsx,Circle,Inheritance instead of composition,SuperClass: Shape,,
144,/home/danielvitor/Documentos/Faculdade/PI_3/code/marmitaria/mobile/node_modules/react-native-svg/src/elements/ClipPath.tsx,ClipPath,Inheritance instead of composition,SuperClass: Shape,,
145,/home/danielvitor/Documentos/Faculdade/PI_3/code/marmitaria/mobile/node_modules/react-native-svg/src/elements/Ellipse.tsx,Ellipse,Inheritance instead of composition,SuperClass: Shape,,
146,/home/danielvitor/Documentos/Faculdade/PI_3/code/marmitaria/mobile/node_modules/react-native-svg/src/elements/ForeignObject.tsx,ForeignObject,Inheritance instead of composition,SuperClass: G,,
147,/home/danielvitor/Documentos/Faculdade/PI_3/code/marmitaria/mobile/node_modules/react-native-svg/src/elements/G.tsx,G,Inheritance instead of composition,SuperClass: Shape,,
148,/home/danielvitor/Documentos/Faculdade/PI_3/code/marmitaria/mobile/node_modules/react-native-svg/src/elements/Image.tsx,SvgImage,Inheritance instead of composition,SuperClass: Shape,,
149,/home/danielvitor/Documentos/Faculdade/PI_3/code/marmitaria/mobile/node_modules/react-native-svg/src/elements/Line.tsx,Line,Inheritance instead of composition,SuperClass: Shape,,
150,/home/danielvitor/Documentos/Faculdade/PI_3/code/marmitaria/mobile/node_modules/react-native-svg/src/elements/LinearGradient.tsx,LinearGradient,Inheritance instead of composition,SuperClass: Shape,,
151,/home/danielvitor/Documentos/Faculdade/PI_3/code/marmitaria/mobile/node_modules/react-native-svg/src/elements/Marker.tsx,Marker,Inheritance instead of composition,SuperClass: Shape,,
152,/home/danielvitor/Documentos/Faculdade/PI_3/code/marmitaria/mobile/node_modules/react-native-svg/src/elements/Mask.tsx,Mask,Inheritance instead of composition,SuperClass: Shape,,
153,/home/danielvitor/Documentos/Faculdade/PI_3/code/marmitaria/mobile/node_modules/react-native-svg/src/elements/Path.tsx,Path,Inheritance instead of composition,SuperClass: Shape,,
154,/home/danielvitor/Documentos/Faculdade/PI_3/code/marmitaria/mobile/node_modules/react-native-svg/src/elements/Pattern.tsx,Pattern,Large Component,LOC: 52; Number of props: 15; Number of attributes: 2; Number of methods: 0,,
155,/home/danielvitor/Documentos/Faculdade/PI_3/code/marmitaria/mobile/node_modules/react-native-svg/src/elements/Pattern.tsx,Pattern,Too many props,"Number of props: 15; Props: x,y,width,height,props,patternTransform,transform,id,patternUnits,patternContentUnits,children,viewBox,preserveAspectRatio,name,matrix",,
156,/home/danielvitor/Documentos/Faculdade/PI_3/code/marmitaria/mobile/node_modules/react-native-svg/src/elements/Pattern.tsx,Pattern,Inheritance instead of composition,SuperClass: Shape,,
157,/home/danielvitor/Documentos/Faculdade/PI_3/code/marmitaria/mobile/node_modules/react-native-svg/src/elements/Polygon.tsx,Polygon,Inheritance instead of composition,SuperClass: Shape,,
158,/home/danielvitor/Documentos/Faculdade/PI_3/code/marmitaria/mobile/node_modules/react-native-svg/src/elements/Polyline.tsx,Polyline,Inheritance instead of composition,SuperClass: Shape,,
159,/home/danielvitor/Documentos/Faculdade/PI_3/code/marmitaria/mobile/node_modules/react-native-svg/src/elements/RadialGradient.tsx,RadialGradient,Inheritance instead of composition,SuperClass: Shape,,
160,/home/danielvitor/Documentos/Faculdade/PI_3/code/marmitaria/mobile/node_modules/react-native-svg/src/elements/Rect.tsx,Rect,Inheritance instead of composition,SuperClass: Shape,,
161,/home/danielvitor/Documentos/Faculdade/PI_3/code/marmitaria/mobile/node_modules/react-native-svg/src/elements/Svg.tsx,Svg,Large Component,LOC: 185; Number of props: 27; Number of attributes: 2; Number of methods: 5,,
162,/home/danielvitor/Documentos/Faculdade/PI_3/code/marmitaria/mobile/node_modules/react-native-svg/src/elements/Svg.tsx,Svg,Too many props,"Number of props: 27; Props: preserveAspectRatio,root,width,height,bbWidth,bbHeight,style,opacity,viewBox,children,onLayout,color,focusable,transform,font,fill,fillOpacity,fillRule,stroke,strokeWidth,strokeOpacity,strokeDasharray,strokeDashoffset,strokeLinecap,strokeLinejoin,strokeMiterlimit,tintColor",,
163,/home/danielvitor/Documentos/Faculdade/PI_3/code/marmitaria/mobile/node_modules/react-native-svg/src/elements/Svg.tsx,Svg,Inheritance instead of composition,SuperClass: Shape,,
164,/home/danielvitor/Documentos/Faculdade/PI_3/code/marmitaria/mobile/node_modules/react-native-svg/src/elements/Svg.tsx,Svg,JSX outside the render method,"Methods with JSX: measureInWindow,measure,measureLayout,setNativeProps,toDataURL",,
165,/home/danielvitor/Documentos/Faculdade/PI_3/code/marmitaria/mobile/node_modules/react-native-svg/src/elements/Symbol.tsx,Symbol,Inheritance instead of composition,SuperClass: Shape,,
166,/home/danielvitor/Documentos/Faculdade/PI_3/code/marmitaria/mobile/node_modules/react-native-svg/src/elements/TSpan.tsx,TSpan,Inheritance instead of composition,SuperClass: Shape,,
167,/home/danielvitor/Documentos/Faculdade/PI_3/code/marmitaria/mobile/node_modules/react-native-svg/src/elements/Text.tsx,Text,Inheritance instead of composition,SuperClass: Shape,,
168,/home/danielvitor/Documentos/Faculdade/PI_3/code/marmitaria/mobile/node_modules/react-native-svg/src/elements/TextPath.tsx,TextPath,Inheritance instead of composition,SuperClass: Shape,,
169,/home/danielvitor/Documentos/Faculdade/PI_3/code/marmitaria/mobile/node_modules/react-native-svg/src/elements/Use.tsx,Use,Inheritance instead of composition,SuperClass: Shape,,
